schema_version,scene_id,line_id,arc,day,time_window,trigger,condition,priority,once_scope,sequence,speaker,contact,delivery,text,choice_a_id,choice_a_text,choice_a_effects,choice_a_next,choice_b_id,choice_b_text,choice_b_effects,choice_b_next,enter_effects,auto_next,purpose
3.0,sys_day_start_good,sys_day_start_good_01,sleep,2..7,07:00,day_start,sleep_hours>=5,100,day,1,Narrator,,narration,{sleep_hours}시간을 자고 일어났다. 머리는 비교적 맑다.,,,,,,,,,fatigue:add=-1,,충분한 수면이 다음 날의 안정적인 일정 운영으로 이어짐을 체감시킨다.
3.0,sys_day_start_good,sys_day_start_good_02,sleep,2..7,07:00,day_start,sleep_hours>=5,100,day,2,Narrator,,narration,오늘 해야 할 일을 차례대로 처리할 수 있을 것 같다.,,,,,,,,,,,충분한 수면이 다음 날의 안정적인 일정 운영으로 이어짐을 체감시킨다.
3.0,sys_day_start_short,sys_day_start_short_01,sleep,2..7,07:00,day_start,sleep_hours>=1;sleep_hours<5,101,day,1,Narrator,,narration,{sleep_hours}시간밖에 자지 못했다. 알람 소리가 유난히 멀게 들린다.,,,,,,,,,fatigue:add=1|modifier.study_minutes:add=60|counter.short_sleep_days:add=1,,수면 부족을 대사뿐 아니라 공부 시간 증가로 연결한다.
3.0,sys_day_start_short,sys_day_start_short_02,sleep,2..7,07:00,day_start,sleep_hours>=1;sleep_hours<5,101,day,2,Narrator,,narration,같은 일을 하더라도 오늘은 시간이 더 걸릴 것 같다.,,,,,,,,,,,수면 부족을 대사뿐 아니라 공부 시간 증가로 연결한다.
3.0,sys_day_start_none,sys_day_start_none_01,sleep,2..7,07:00,day_start,sleep_hours=0,102,day,1,Narrator,,narration,밤을 새어버렸다.,,,,,,,,,fatigue:add=2|modifier.study_minutes:add=120|counter.all_nighters:add=1|visual:set=exhausted,,밤샘을 전 화면 연출과 다음 날 행동 비용으로 체감시킨다.
3.0,sys_day_start_none,sys_day_start_none_02,sleep,2..7,07:00,day_start,sleep_hours=0,102,day,2,Narrator,,narration,"창밖은 밝아졌지만 잃은 돈도, 밀린 일정도 그대로 남아 있다.",,,,,,,,,,,밤샘을 전 화면 연출과 다음 날 행동 비용으로 체감시킨다.
3.0,sys_day_end,sys_day_end_01,system,1..7,day_end,day_end,,5,day,1,Narrator,,summary,학교 {school_status} · 숙제 {homework_status} · 알바 {job_status} · 수면 예정 {planned_sleep_hours}시간,,,,,,,,,snapshot:day_end|history:append_daily_summary,,플레이어가 하루 동안 무엇을 얻고 놓쳤는지 명확하게 정산한다.
3.0,sys_day_end,sys_day_end_02,system,1..7,day_end,day_end,,5,day,2,Narrator,,summary,오늘 잔액 변화 {cash_delta_today}원 · 빌린 돈 {debt}원 · 확인하지 않은 연락 {unread_count}건,,,,,,,,,,,플레이어가 하루 동안 무엇을 얻고 놓쳤는지 명확하게 정산한다.
3.0,d1_intro,d1_intro_01,main,1,07:00,new_game,,200,game,1,Narrator,,narration,"월요일 아침이다. 이번 주도 학교와 숙제, 주말 알바 일정이 잡혀 있다.",,,,,,,,,clock:set=07:00|cash:set=50000|debt:set=0|flag.gambling_started:set=false|history:clear,,게임의 목표가 일주일의 일정과 생활을 관리하는 것임을 제시한다.
3.0,d1_intro,d1_intro_02,main,1,07:00,new_game,,200,game,2,Narrator,,narration,오늘부터는 해야 할 일을 직접 골라 시간을 사용해야 한다.,,,,,,,,,,d1_school_departure,게임의 목표가 일주일의 일정과 생활을 관리하는 것임을 제시한다.
3.0,d1_school_departure,d1_school_departure_01,school,1,07:00-08:00,d1_school_departure,,50,game,1,Narrator,,narration,오전 8시 전에는 학교에 도착해야 한다. 오늘은 첫날이라 등교 흐름을 확인해 보자.,d1_school_attend,학교에 간다,clock:set=16:00|location:set=school|schedule.school:set=complete|relation.teacher:add=1,d1_school_scene,,,,,,,등교가 시간을 소비하고 학교 이야기로 연결되는 기본 규칙을 소개한다.
3.0,d1_school_scene,d1_school_scene_01,school,1,school,d1_school_scene,,50,game,1,Seoyeon,서연,dialogue,이번 주 금요일까지 조별 과제 초안 내는 거 기억하지?,,,,,,,,,flag.group_project:set=introduced|relation.seoyeon:add=1,,학교를 선택했을 때 이어질 서연·조별 과제 스토리를 미리 심는다.
3.0,d1_school_scene,d1_school_scene_02,school,1,school,d1_school_scene,,50,game,2,Seoyeon,서연,dialogue,수요일에 역할 나누자. 빠지는 사람 없이 같이 했으면 좋겠어.,,,,,,,,,,d1_minjae_invite,학교를 선택했을 때 이어질 서연·조별 과제 스토리를 미리 심는다.
3.0,d1_minjae_invite,d1_minjae_invite_01,gambling,1,16:30-18:00,d1_minjae_invite,,50,game,1,Minjae,민재,message,"야, 요즘 용돈 빠듯하다며.",,,,,,,,,,,거짓 거절 선택지 없이 무료 포인트와 친구추천으로 강제 유입을 자연스럽게 처리한다.
3.0,d1_minjae_invite,d1_minjae_invite_02,gambling,1,16:30-18:00,d1_minjae_invite,,50,game,2,Minjae,민재,message,신규 가입하면 무료 포인트 주는 데 찾았음. 친구추천까지 하면 둘 다 더 받는다.,,,,,,,,,,,거짓 거절 선택지 없이 무료 포인트와 친구추천으로 강제 유입을 자연스럽게 처리한다.
3.0,d1_minjae_invite,d1_minjae_invite_03,gambling,1,16:30-18:00,d1_minjae_invite,,50,game,3,Minjae,민재,message,네 돈 넣는 것도 아닌데 일단 결과만 한번 봐봐.,d1_open_referral,링크를 확인한다,flag.gambling_started:set=true|counter.gamble_sessions:add=1|clock:add=60|relationship.minjae:add=1,d1_first_result,,,,,,,거짓 거절 선택지 없이 무료 포인트와 친구추천으로 강제 유입을 자연스럽게 처리한다.
3.0,d1_first_result,d1_first_result_01,gambling,1,17:30-19:00,d1_first_result,,50,game,1,Narrator,,cinematic,"신규 가입 5,000P가 지급됐다. 숫자가 빠르게 오르내렸다.",,,,,,,,,cash:add=20000|gamble_stage:set=first_win|visual:set=first_win|history:append_gamble_result,,초기 도박을 실제 돈과 강한 승리 연출로 매력적으로 보이게 한다.
3.0,d1_first_result,d1_first_result_02,gambling,1,17:30-19:00,d1_first_result,,50,game,2,Narrator,,cinematic,"5,000P가 12,000P가 되었고, 환전한 20,000원이 실제 계좌에 들어왔다.",,,,,,,,,,,초기 도박을 실제 돈과 강한 승리 연출로 매력적으로 보이게 한다.
3.0,d1_first_result,d1_first_result_03,gambling,1,17:30-19:00,d1_first_result,,50,game,3,Narrator,,cinematic,생각보다 너무 쉽게 돈이 생겼다.,,,,,,,,,,d1_night_choice,초기 도박을 실제 돈과 강한 승리 연출로 매력적으로 보이게 한다.
3.0,d1_night_choice,d1_night_choice_01,sleep,1,22:00-01:00,d1_night_choice,,50,game,1,Minjae,민재,message,봤지? 오늘 흐름 괜찮음. 딱 한 번만 더 보면 5만 원도 가능할 듯.,d1_sleep_after_win,오늘은 그만하고 잔다,sleep:set=7|schedule.sleep:set=complete|clock:advance_to_next_day=07:00|record.route.d1:set=sleep,,d1_continue_after_win,한 번만 더 확인한다,clock:add=120|counter.gamble_sessions:add=1|record.route.d1:set=continue,d1_second_win,,,첫날부터 수면과 즉각적인 추가 수익 사이의 갈등을 만든다.
3.0,d1_second_win,d1_second_win_01,gambling,1,late_night,d1_second_win,,50,game,1,Narrator,,cinematic,"이번에도 결과가 맞았다. 계좌에 30,000원이 더 들어왔다.",,,,,,,,,cash:add=30000|gamble_stage:set=reinforced|visual:set=win|history:append_gamble_result,,승리의 보상과 수면 부족이 동시에 발생하도록 한다.
3.0,d1_second_win,d1_second_win_02,gambling,1,late_night,d1_second_win,,50,game,2,Narrator,,cinematic,시계를 확인했을 때는 이미 자정을 훌쩍 넘긴 뒤였다.,d1_sleep_late,이제 잔다,sleep:set=4|schedule.sleep:set=short|clock:advance_to_next_day=07:00,,,,,,,,승리의 보상과 수면 부족이 동시에 발생하도록 한다.
3.0,d2_school_choice,d2_school_choice_01,school,2,07:00-08:00,morning_schedule,day=2,90,game,1,Narrator,,narration,학교에 가면 오후 4시까지 시간이 지나간다. 빠지면 하루를 자유롭게 쓸 수 있다.,d2_attend_school,학교에 간다,clock:set=16:00|schedule.school:set=complete|relation.teacher:add=1|record.route.d2_school:set=attend,d2_school_attend,d2_skip_school,학교를 빠진다,schedule.school:set=missed|counter.school_absences:add=1|relation.teacher:add=-1|modifier.study_minutes:add=60|record.route.d2_school:set=skip,d2_school_skip,,,등교로 얻는 학교 이야기와 결석으로 얻는 자유 시간을 직접 비교하게 한다.
3.0,d2_school_attend,d2_school_attend_01,school,2,school,d2_school_attend,,50,game,1,Seoyeon,서연,dialogue,어제 말한 과제 자료 여기 있어. 오늘 숙제하다 막히면 메시지해.,,,,,,,,,flag.homework_hint:set=true|relation.seoyeon:add=1,,학교 출석이 숙제 시간 단축과 서연 관계 진행이라는 보상을 제공한다.
3.0,d2_school_attend,d2_school_attend_02,school,2,school,d2_school_attend,,50,game,2,Seoyeon,서연,dialogue,같이 맞춰두면 수요일에 역할 나누기 편할 거야.,,,,,,,,,,d2_after_school,학교 출석이 숙제 시간 단축과 서연 관계 진행이라는 보상을 제공한다.
3.0,d2_school_skip,d2_school_skip_01,school,2,morning,d2_school_skip,,50,game,1,Teacher,담임 선생님,message,오늘 결석으로 확인됐습니다. 보호자 확인이 필요합니다.,,,,,,,,,flag.study_without_school:set=true|unread:add=1,,결석이 단순 체크 실패가 아니라 숙제 부담과 관계 문제로 번지게 한다.
3.0,d2_school_skip,d2_school_skip_02,school,2,morning,d2_school_skip,,50,game,2,Teacher,담임 선생님,message,수업 내용을 듣지 못했으니 오늘 숙제는 혼자 확인해야 합니다.,,,,,,,,,,d2_skip_temptation,결석이 단순 체크 실패가 아니라 숙제 부담과 관계 문제로 번지게 한다.
3.0,d2_skip_temptation,d2_skip_temptation_01,gambling,2,10:30-12:00,d2_skip_temptation,,50,game,1,Minjae,민재,message,학교 안 갔음? 그럼 지금 사람 없을 때 잠깐 보면 되겠네. 어제보다 흐름 좋다던데.,d2_skip_day_gamble,낮에 확인한다,clock:add=120|counter.gamble_sessions:add=1|cash:add=40000|schedule.homework:set=pending|record.route.d2_after_school:set=gamble,d2_second_success,d2_skip_day_study,빠진 수업부터 확인한다,clock:add=180|schedule.homework:set=complete|relation.seoyeon:add=1|record.route.d2_after_school:set=homework,d2_homework_scene,,,결석으로 생긴 빈 시간이 즉시 도박 유혹으로 연결되게 한다.
3.0,d2_after_school,d2_after_school_01,homework,2,16:00-20:00,d2_after_school,,50,game,1,Minjae,민재,message,너 숙제 두 시간 걸린다며.,,,,,,,,,,,숙제의 확실한 관계 보상과 도박의 빠른 금전 보상을 충돌시킨다.
3.0,d2_after_school,d2_after_school_02,homework,2,16:00-20:00,d2_after_school,,50,game,2,Minjae,민재,message,어제처럼 한 번 맞으면 그 시간에 알바 몇 시간 한 돈 나오잖아.,d2_do_homework,숙제부터 한다,clock:add=120|schedule.homework:set=complete|relation.seoyeon:add=1|record.route.d2_after_school:set=homework,d2_homework_scene,d2_gamble_after_school,민재 연락을 따라간다,clock:add=120|counter.gamble_sessions:add=1|cash:add=40000|record.route.d2_after_school:set=gamble,d2_second_success,,,숙제의 확실한 관계 보상과 도박의 빠른 금전 보상을 충돌시킨다.
3.0,d2_homework_scene,d2_homework_scene_01,homework,2,evening,d2_homework_scene,,50,game,1,Seoyeon,서연,message,3번 문제 조건이 좀 헷갈리지? 내가 정리한 부분 보낼게.,,,,,,,,,flag.d2_homework_story:set=seen|relation.seoyeon:add=1,,숙제가 단순 완료 버튼이 아니라 서연과의 연속 스토리로 보상되게 한다.
3.0,d2_homework_scene,d2_homework_scene_02,homework,2,evening,d2_homework_scene,,50,game,2,Seoyeon,서연,message,덕분에 나도 다시 확인했다. 내일 역할 정할 때 같이 보자.,,,,,,,,,,d2_night_choice,숙제가 단순 완료 버튼이 아니라 서연과의 연속 스토리로 보상되게 한다.
3.0,d2_second_success,d2_second_success_01,gambling,2,evening,d2_second_success,,50,game,1,Narrator,,cinematic,"결과는 다시 성공이었다. 40,000원이 추가로 들어왔다.",,,,,,,,,gamble_stage:set=easy_money|visual:set=win|history:append_gamble_result,,도박이 노동과 공부보다 빠르게 보이는 왜곡된 보상 감각을 강화한다.
3.0,d2_second_success,d2_second_success_02,gambling,2,evening,d2_second_success,,50,game,2,Narrator,,cinematic,두 시간은 사라졌지만 숙제보다 훨씬 빠르게 무언가를 얻은 기분이 들었다.,,,,,,,,,,d2_night_choice,도박이 노동과 공부보다 빠르게 보이는 왜곡된 보상 감각을 강화한다.
3.0,d2_night_choice,d2_night_choice_01,sleep,2,23:00-02:00,d2_night_choice,,50,game,1,Narrator,,narration,"내일도 학교가 있다. 지금 자면 충분히 잘 수 있지만, 오늘 결과가 계속 생각난다.",d2_sleep_enough,휴대폰을 끄고 잔다,sleep:set=7|schedule.sleep:set=complete|clock:advance_to_next_day=07:00|record.route.d2_night:set=sleep,,d2_check_until_late,결과를 조금 더 확인한다,clock:add=180|counter.gamble_sessions:add=1|sleep:set=3|schedule.sleep:set=short|record.route.d2_night:set=gamble,d2_late_near_miss,,,도박의 잔상이 수면을 잠식하는 첫 선택을 만든다.
3.0,d2_late_near_miss,d2_late_near_miss_01,gambling,2,late_night,d2_late_near_miss,,50,game,1,Narrator,,cinematic,거의 맞을 뻔한 결과가 연달아 나왔다. 돈은 크게 달라지지 않았다.,,,,,,,,,cash:add=-10000|gamble_stage:set=near_miss|history:append_gamble_result,,큰 손실 없이도 근접 결과가 시간을 붙잡는 과정을 보여준다.
3.0,d2_late_near_miss,d2_late_near_miss_02,gambling,2,late_night,d2_late_near_miss,,50,game,2,Narrator,,cinematic,"그만둘 이유도, 더 할 이유도 찾지 못한 채 새벽이 되었다.",d2_sleep_after_near_miss,휴대폰을 끄고 잔다,clock:advance_to_next_day=07:00|record.route.d2_late:set=sleep,,,,,,,,큰 손실 없이도 근접 결과가 시간을 붙잡는 과정을 보여준다.
3.0,d3_school_choice,d3_school_choice_01,school,3,07:00-08:00,morning_schedule,day=3,90,game,1,Narrator,,narration,오늘은 조별 과제 역할을 정하는 날이다. 결석하면 서연이 대신 정해야 한다.,d3_attend_school,학교에 간다,clock:set=16:00|schedule.school:set=complete|relation.teacher:add=1|record.route.d3_school:set=attend,d3_group_assignment,d3_skip_school,학교를 빠진다,schedule.school:set=missed|counter.school_absences:add=1|relation.seoyeon:add=-2|modifier.project_minutes:add=60|record.route.d3_school:set=skip,d3_group_assignment_missed,,,학교 출석 여부가 조별 과제 역할과 서연 관계를 직접 바꾸게 한다.
3.0,d3_group_assignment,d3_group_assignment_01,school,3,school,d3_group_assignment,,50,game,1,Seoyeon,서연,dialogue,네가 자료 정리 맡아줄래? 어제 같이 풀어둔 내용이 있어서 금방 할 수 있을 거야.,,,,,,,,,flag.project_role:set=data|relation.seoyeon:add=1|modifier.project_minutes:set=120,,학교에 간 선택이 이후 과제의 시간과 관계를 유리하게 만든다.
3.0,d3_group_assignment,d3_group_assignment_02,school,3,school,d3_group_assignment,,50,game,2,Seoyeon,서연,dialogue,금요일 밤 9시 전에 합치자. 늦어지면 나한테 먼저 말해줘.,,,,,,,,,,d3_minjae_big,학교에 간 선택이 이후 과제의 시간과 관계를 유리하게 만든다.
3.0,d3_group_assignment_missed,d3_group_assignment_missed_01,school,3,morning,d3_group_assignment_missed,,50,game,1,Seoyeon,서연,message,오늘 역할 정하는 날이었는데 연락도 없어서 내가 일단 나눴어.,,,,,,,,,flag.project_role:set=data|modifier.project_minutes:set=180|unread:add=1,,결석으로 얻은 시간이 이후 과제 부담과 관계 손실로 되돌아오게 한다.
3.0,d3_group_assignment_missed,d3_group_assignment_missed_02,school,3,morning,d3_group_assignment_missed,,50,game,2,Seoyeon,서연,message,자료 정리는 네가 맡는 걸로 했어. 수업을 못 들었으니까 조금 더 걸릴 수도 있어.,,,,,,,,,,d3_minjae_big,결석으로 얻은 시간이 이후 과제 부담과 관계 손실로 되돌아오게 한다.
3.0,d3_minjae_big,d3_minjae_big_01,gambling,3,16:00-19:00,d3_minjae_big,,50,game,1,Minjae,민재,message,오늘은 조금 크게 보면 어때? 지금까지 딴 돈 있으니까 잃어도 원래 네 돈은 아니잖아.,,,,,,,,,,,도박을 하지 않는 선택도 인정하면서 이미 딴 돈이라는 논리로 유혹한다.
3.0,d3_minjae_big,d3_minjae_big_02,gambling,3,16:00-19:00,d3_minjae_big,,50,game,2,Minjae,민재,message,어제 애매하게 끝난 것도 오늘 한 번이면 정리 가능함.,d3_refuse_big_bet,오늘은 하지 않는다,record.route.d3_gamble:set=refuse|counter.refusals:add=1,d3_refusal_temptation,d3_accept_big_bet,딴 돈 안에서만 해본다,clock:add=120|counter.gamble_sessions:add=1|record.route.d3_gamble:set=accept,d3_first_loss,,,도박을 하지 않는 선택도 인정하면서 이미 딴 돈이라는 논리로 유혹한다.
3.0,d3_refusal_temptation,d3_refusal_temptation_01,gambling,3,evening,d3_refusal_temptation,,50,game,1,Minjae,민재,message,난 방금 6만 원 땄음. 너도 어제 하던 만큼만 했으면 됐을 텐데.,,,,,,,,,temptation:add=1,,일상을 선택해도 미해결된 욕구와 비교 심리가 다음 유혹으로 남게 한다.
3.0,d3_refusal_temptation,d3_refusal_temptation_02,gambling,3,evening,d3_refusal_temptation,,50,game,2,Minjae,민재,message,"휴대폰을 내려놨지만, 놓친 돈처럼 그 숫자가 계속 머리에 남았다.",,,,,,,,,,d3_homework_or_sleep,일상을 선택해도 미해결된 욕구와 비교 심리가 다음 유혹으로 남게 한다.
3.0,d3_first_loss,d3_first_loss_01,gambling,3,evening,d3_first_loss,,50,game,1,Narrator,,cinematic,처음에는 조금 올랐지만 곧 결과가 연달아 어긋났다.,,,,,,,,,cash:add=-70000|gamble_stage:set=first_loss|visual:set=loss|history:append_gamble_result,,첫 손실 이후 플레이 목표가 수익에서 원금 복구로 바뀌는 순간을 만든다.
3.0,d3_first_loss,d3_first_loss_02,gambling,3,evening,d3_first_loss,,50,game,2,Narrator,,cinematic,"계좌에서 70,000원이 빠졌다. 지금까지 번 돈보다 잃은 금액이 더 크게 느껴졌다.",d3_accept_loss,손실을 인정하고 나온다,record.route.d3_loss:set=stop|temptation:add=1,d3_homework_or_sleep,d3_chase_loss,잃은 금액만 복구한다,clock:add=120|cash:add=-40000|counter.gamble_sessions:add=1|gamble_stage:set=chasing|record.route.d3_loss:set=chase,d3_chase_result,,,첫 손실 이후 플레이 목표가 수익에서 원금 복구로 바뀌는 순간을 만든다.
3.0,d3_chase_result,d3_chase_result_01,gambling,3,late_evening,d3_chase_result,,50,game,1,Narrator,,cinematic,"복구하려고 다시 시작했지만 40,000원을 더 잃었다.",,,,,,,,,temptation:add=2|history:append_gamble_result,,손실 추격이 문제 해결이 아니라 더 큰 압박을 만든다는 것을 체감시킨다.
3.0,d3_chase_result,d3_chase_result_02,gambling,3,late_evening,d3_chase_result,,50,game,2,Narrator,,cinematic,이제 그만두면 오늘 손실이 확정된다는 생각이 들었다.,,,,,,,,,,d3_homework_or_sleep,손실 추격이 문제 해결이 아니라 더 큰 압박을 만든다는 것을 체감시킨다.
3.0,d3_homework_or_sleep,d3_homework_or_sleep_01,homework,3,20:00-02:00,d3_homework_or_sleep,,50,game,1,Narrator,,narration,오늘 숙제가 남아 있다. 피곤하지만 지금 처리하지 않으면 내일 과제 준비와 겹친다.,d3_finish_homework,늦더라도 숙제를 한다,clock:add={study_minutes}|schedule.homework:set=complete|sleep:calculate_until=07:00|clock:advance_to_next_day=07:00|relation.teacher:add=1|record.route.d3_night:set=homework,,d3_leave_homework,숙제를 포기하고 잔다,schedule.homework:set=missed|counter.homework_failures:add=1|sleep:set=7|clock:advance_to_next_day=07:00|record.route.d3_night:set=sleep,,,,도박에 쓴 시간이 숙제와 수면 중 하나를 실제로 포기하게 만든다.
3.0,d4_homework_consequence,d4_homework_consequence_01,homework,4,school,school_complete,day=4;previous.homework_status=missed,85,game,1,Teacher,담임 선생님,dialogue,어제 숙제를 제출하지 않았더구나. 조별 과제 준비도 같이 늦어지는 건 알고 있지?,,,,,,,,,modifier.project_minutes:add=60|relation.teacher:add=-1,,숙제 미완료가 다음 날의 시간 부담으로 누적되게 한다.
3.0,d4_homework_consequence,d4_homework_consequence_02,homework,4,school,school_complete,day=4;previous.homework_status=missed,85,game,2,Teacher,담임 선생님,dialogue,오늘 과제와 어제 숙제를 함께 끝내야 한다. 필요한 시간은 더 늘어났다.,,,,,,,,,,,숙제 미완료가 다음 날의 시간 부담으로 누적되게 한다.
3.0,d4_school_choice,d4_school_choice_01,school,4,07:00-08:00,morning_schedule,day=4,90,game,1,Narrator,,narration,오늘은 과제 마감일이다. 학교에서 최종 자료를 받아야 가장 빠르게 끝낼 수 있다.,d4_attend_school,학교에 간다,clock:set=16:00|schedule.school:set=complete|modifier.project_minutes:add=-30|record.route.d4_school:set=attend,d4_deadline_notice,d4_skip_school,학교를 빠지고 혼자 준비한다,schedule.school:set=missed|counter.school_absences:add=1|modifier.project_minutes:add=90|relation.seoyeon:add=-1|record.route.d4_school:set=skip,d4_deadline_notice_remote,,,학교 출석이 과제를 실제로 빠르게 만드는 일정상 이점을 제공한다.
3.0,d4_deadline_notice,d4_deadline_notice_01,homework,4,school,d4_deadline_notice,,50,game,1,Seoyeon,서연,dialogue,자료 합치는 건 내가 할게. 네 부분만 저녁 9시 전까지 보내줘.,,,,,,,,,deadline.project:set=21:00|relation.seoyeon:add=1,,과제 마감과 필요한 시간을 플레이어에게 명확히 알려 공정한 선택을 만든다.
3.0,d4_deadline_notice,d4_deadline_notice_02,homework,4,school,d4_deadline_notice,,50,game,2,Seoyeon,서연,dialogue,오늘 같이 확인한 내용대로 하면 두 시간 정도면 끝날 거야.,,,,,,,,,,d4_evening_conflict,과제 마감과 필요한 시간을 플레이어에게 명확히 알려 공정한 선택을 만든다.
3.0,d4_deadline_notice_remote,d4_deadline_notice_remote_01,homework,4,morning,d4_deadline_notice_remote,,50,game,1,Seoyeon,서연,message,오늘도 안 왔네. 최종 자료는 메시지로 보낼게.,,,,,,,,,deadline.project:set=21:00|unread:add=1,,결석했을 때도 과제 스토리는 계속되지만 더 큰 시간 비용을 지게 한다.
3.0,d4_deadline_notice_remote,d4_deadline_notice_remote_02,homework,4,morning,d4_deadline_notice_remote,,50,game,2,Seoyeon,서연,message,수업에서 바뀐 부분까지 네가 다시 확인해야 해서 시간이 좀 걸릴 거야. 밤 9시 전에는 보내줘.,,,,,,,,,,d4_evening_conflict,결석했을 때도 과제 스토리는 계속되지만 더 큰 시간 비용을 지게 한다.
3.0,d4_evening_conflict,d4_evening_conflict_01,main,4,16:00-21:00,d4_evening_conflict,,50,game,1,Minjae,민재,message,어제 잃은 거 아직 신경 쓰이지? 오늘 한 번만 맞으면 절반은 바로 복구 가능함.,,,,,,,,,,,마감이 있는 과제와 빠른 손실 복구를 같은 시간대에 직접 충돌시킨다.
3.0,d4_evening_conflict,d4_evening_conflict_02,main,4,16:00-21:00,d4_evening_conflict,,50,game,2,Minjae,민재,message,과제 두 시간이면 된다며. 이거 먼저 보고 해도 충분하잖아.,d4_project_first,과제부터 끝낸다,clock:add={project_minutes}|schedule.project:set=complete|relation.seoyeon:add=2|record.route.d4_evening:set=project,d4_project_success,d4_gamble_first,복구부터 시도한다,clock:add=120|counter.gamble_sessions:add=1|cash:add=10000|record.route.d4_evening:set=gamble,d4_recovery_near_miss,,,마감이 있는 과제와 빠른 손실 복구를 같은 시간대에 직접 충돌시킨다.
3.0,d4_project_success,d4_project_success_01,homework,4,evening,d4_project_success,,50,game,1,Seoyeon,서연,message,자료 확인했어. 약속한 시간보다 일찍 보내줘서 내가 정리할 여유도 생겼다.,,,,,,,,,flag.project_submitted:set=true|relation.seoyeon:add=1,,일상을 선택했을 때 관계가 진전되고 이후 도움 가능성이 생기는 보상을 준다.
3.0,d4_project_success,d4_project_success_02,homework,4,evening,d4_project_success,,50,game,2,Seoyeon,서연,message,내일 제출하고 결과 알려줄게. 고마워.,,,,,,,,,,d4_post_project_temptation,일상을 선택했을 때 관계가 진전되고 이후 도움 가능성이 생기는 보상을 준다.
3.0,d4_post_project_temptation,d4_post_project_temptation_01,gambling,4,after_project,d4_post_project_temptation,,50,game,1,Minjae,민재,message,과제 끝났으면 이제 시간 있네. 아까 놓친 흐름 지금 다시 온다는데?,d4_rest_after_project,오늘은 쉬고 잔다,sleep:set=7|schedule.sleep:set=complete|counter.refusals:add=1|clock:advance_to_next_day=07:00|record.route.d4_late:set=sleep,,d4_gamble_after_project,남은 시간에 복구한다,clock:add=180|cash:add=-30000|counter.gamble_sessions:add=1|sleep:calculate_until=07:00|record.route.d4_late:set=gamble,d4_late_loss,,,일상을 완료해도 남은 시간에 다시 도박할 수 있어 선택이 단순 정답이 되지 않게 한다.
3.0,d4_recovery_near_miss,d4_recovery_near_miss_01,gambling,4,evening,d4_recovery_near_miss,,50,game,1,Narrator,,cinematic,"처음에는 10,000원을 되찾았다. 조금만 더 하면 복구할 수 있을 것처럼 보였다.",,,,,,,,,,,플레이어가 현재 시간과 마감을 보고 스스로 멈출 기회를 제공한다.
3.0,d4_recovery_near_miss,d4_recovery_near_miss_02,gambling,4,evening,d4_recovery_near_miss,,50,game,2,Narrator,,cinematic,현재 시각은 {current_time}. 과제 마감까지 {minutes_to_project_deadline}분 남았다.,d4_stop_and_project,지금 멈추고 과제로 돌아간다,clock:add={project_minutes}|schedule.project:set=complete_if_before_deadline|record.route.d4_chase:set=stop,d4_project_deadline_result,d4_continue_recovery,조금만 더 복구한다,clock:add=120|cash:add=-50000|counter.gamble_sessions:add=1|gamble_stage:set=chasing|record.route.d4_chase:set=continue,d4_project_deadline_result,,,플레이어가 현재 시간과 마감을 보고 스스로 멈출 기회를 제공한다.
3.0,d4_project_deadline_result,d4_project_deadline_result_01,consequence,4,21:00,d4_project_deadline_result,,50,game,1,Seoyeon,서연,message,{project_deadline_message},d4_sleep_after_deadline,오늘 결과를 확인하고 잔다,sleep:calculate_until=07:00|clock:advance_to_next_day=07:00|record.route.d4_night:set=sleep,,,,,,schedule.project:resolve_deadline|history:append_schedule_result,,도박에 사용한 시간이 과제 성공 또는 실패로 즉시 변환된다.
3.0,d4_late_loss,d4_late_loss_01,gambling,4,late_night,d4_late_loss,,50,game,1,Narrator,,cinematic,"남은 시간에 시작한 복구는 30,000원의 추가 손실로 끝났다.",,,,,,,,,temptation:add=1|history:append_gamble_result,,일상을 지킨 뒤에도 도박을 선택하면 수면과 감정 상태가 무너질 수 있음을 보여준다.
3.0,d4_late_loss,d4_late_loss_02,gambling,4,late_night,d4_late_loss,,50,game,2,Narrator,,cinematic,과제를 끝냈다는 안도감보다 잃은 금액이 더 크게 느껴졌다.,d4_sleep_after_late_loss,이제 그만하고 잔다,sleep:calculate_until=07:00|clock:advance_to_next_day=07:00|record.route.d4_night:set=late_sleep,,,,,,,,일상을 지킨 뒤에도 도박을 선택하면 수면과 감정 상태가 무너질 수 있음을 보여준다.
3.0,d5_school_choice,d5_school_choice_01,school,5,07:00-08:00,morning_schedule,day=5,90,game,1,Narrator,,narration,오늘 학교에서는 조별 과제 제출 결과를 확인한다. 결석하면 결과는 메시지로만 받게 된다.,d5_attend_school,학교에 간다,clock:set=16:00|schedule.school:set=complete|relation.teacher:add=1|record.route.d5_school:set=attend,d5_project_result,d5_skip_school,학교를 빠진다,schedule.school:set=missed|counter.school_absences:add=1|relation.teacher:add=-1|record.route.d5_school:set=skip,d5_project_result,,,과제 결과를 확인하는 학교 장면도 출석 여부에 따라 다른 맥락으로 경험하게 한다.
3.0,d5_project_result,d5_project_result_01,system,5,school,d5_project_result,,50,game,1,System,,router,조별 과제 결과와 출석 상태에 맞는 장면을 불러온다.,,,,,,,,,route:d5_project_success_reaction if schedule.project=complete else d5_project_fail_reaction,,과제 성공 여부에 맞는 서연의 후속 장면을 정확히 선택한다.
3.0,d5_project_success_reaction,d5_project_success_reaction_01,homework,5,school,d5_project_success_reaction,day=5;schedule.project=complete,80,game,1,Seoyeon,서연,message,과제 제출됐어. 어제 네가 제때 보내줘서 수정도 다 했어.,,,,,,,,,relation.seoyeon:add=1|unlock.help_seoyeon:set=true,,과제를 지킨 선택이 관계와 도움 가능성으로 이어지게 한다.
3.0,d5_project_success_reaction,d5_project_success_reaction_02,homework,5,school,d5_project_success_reaction,day=5;schedule.project=complete,80,game,2,Seoyeon,서연,message,"요즘 좀 피곤해 보이던데, 무슨 일 있으면 말해도 돼.",,,,,,,,,,d5_job_notice,과제를 지킨 선택이 관계와 도움 가능성으로 이어지게 한다.
3.0,d5_project_fail_reaction,d5_project_fail_reaction_01,homework,5,school,d5_project_fail_reaction,day=5;schedule.project=missed,81,game,1,Seoyeon,서연,message,어제 계속 기다렸는데 결국 네 자료는 못 받았어.,,,,,,,,,relation.seoyeon:add=-2|counter.relationship_failures:add=1,,과제 미제출이 구체적인 사람의 부담과 신뢰 손실로 느껴지게 한다.
3.0,d5_project_fail_reaction,d5_project_fail_reaction_02,homework,5,school,d5_project_fail_reaction,day=5;schedule.project=missed,81,game,2,Seoyeon,서연,message,다른 애들이 대신 채웠어. 다음에는 어렵다면 미리 말이라도 해줘.,,,,,,,,,,d5_job_notice,과제 미제출이 구체적인 사람의 부담과 신뢰 손실로 느껴지게 한다.
3.0,d5_job_notice,d5_job_notice_01,job,5,16:00-18:00,school_complete,day=5,50,game,1,CafeManager,카페 매니저,message,"내일 오전 8시 출근이야. 오후 4시까지 근무고 일당은 100,000원이야.",,,,,,,,,deadline.job_arrival:set=08:00|flag.job_shift:set=scheduled,,알바의 정확한 시간 비용과 확실한 수입을 도박과 비교할 수 있게 한다.
3.0,d5_job_notice,d5_job_notice_02,job,5,16:00-18:00,school_complete,day=5,50,game,2,CafeManager,카페 매니저,message,아침에 늦지 않도록 오늘은 미리 준비해 줘.,,,,,,,,,,d5_dinner_conflict,알바의 정확한 시간 비용과 확실한 수입을 도박과 비교할 수 있게 한다.
3.0,d5_dinner_conflict,d5_dinner_conflict_01,main,5,18:00-22:00,d5_dinner_conflict,,50,game,1,Mom,엄마,message,오늘 저녁은 같이 먹자. 요즘 얼굴 볼 시간이 없네.,,,,,,,,,,,가족 관계와 다음 날 준비를 손실 복구 유혹과 충돌시킨다.
3.0,d5_dinner_conflict,d5_dinner_conflict_02,main,5,18:00-22:00,d5_dinner_conflict,,50,game,2,Mom,엄마,message,내일 알바도 있다며? 먹고 일찍 쉬어.,d5_family_dinner,엄마와 저녁을 먹고 준비한다,clock:add=90|relation.mom:add=2|flag.job_prepared:set=true|unlock.help_mom:set=true|record.route.d5_evening:set=family,d5_prepare_sleep,d5_follow_minjae,민재 연락을 확인한다,clock:add=180|cash:add=-40000|counter.gamble_sessions:add=1|relation.mom:add=-1|record.route.d5_evening:set=gamble,d5_recovery_loss,,,가족 관계와 다음 날 준비를 손실 복구 유혹과 충돌시킨다.
3.0,d5_recovery_loss,d5_recovery_loss_01,gambling,5,evening,d5_recovery_loss,,50,game,1,Narrator,,cinematic,"민재는 알바보다 빠르게 복구할 수 있다고 했다. 하지만 세 시간이 지나고 40,000원을 더 잃었다.",,,,,,,,,gamble_stage:set=wage_chasing|temptation:add=2|history:append_gamble_result,,아직 받지 않은 알바비까지 도박 자금으로 생각하는 변화를 보여준다.
3.0,d5_recovery_loss,d5_recovery_loss_02,gambling,5,evening,d5_recovery_loss,,50,game,2,Narrator,,cinematic,내일 받을 알바비가 벌써 손실을 메울 돈처럼 느껴졌다.,,,,,,,,,,d5_prepare_sleep,아직 받지 않은 알바비까지 도박 자금으로 생각하는 변화를 보여준다.
3.0,d5_prepare_sleep,d5_prepare_sleep_01,sleep,5,22:00-03:00,d5_prepare_sleep,,50,game,1,Minjae,민재,message,내일 알바 가기 전에 딱 한 번만 보면 됨. 새벽에 사람 적을 때가 더 잘 나온다던데.,d5_sleep_before_job,알람을 맞추고 잔다,sleep:set=7|schedule.sleep:set=complete|clock:advance_to_next_day=07:00|record.route.d5_night:set=sleep,,d5_stay_up_before_job,새벽까지 복구를 시도한다,clock:add=300|cash:add=-30000|sleep:set=2|schedule.sleep:set=short|counter.gamble_sessions:add=1|record.route.d5_night:set=gamble,d5_dawn_result,,,다음 날 확실한 수입을 얻기 위한 수면과 즉시 복구 욕구를 정면으로 충돌시킨다.
3.0,d5_dawn_result,d5_dawn_result_01,sleep,5,dawn,d5_dawn_result,,50,game,1,Narrator,,cinematic,"새벽까지 결과를 붙잡았지만 30,000원을 더 잃었다.",,,,,,,,,gamble_stage:set=exhausted_chasing|history:append_gamble_result|clock:advance_to_next_day=07:00,,도박과 수면 부족이 다음 날 알바에 직접 연결되도록 한다.
3.0,d5_dawn_result,d5_dawn_result_02,sleep,5,dawn,d5_dawn_result,,50,game,2,Narrator,,cinematic,눈을 감은 지 얼마 지나지 않아 알람이 울렸다.,,,,,,,,,,,도박과 수면 부족이 다음 날 알바에 직접 연결되도록 한다.
3.0,d6_job_choice,d6_job_choice_01,job,6,07:00-08:00,morning_schedule,day=6,90,game,1,CafeManager,카페 매니저,message,오늘 오전 8시부터 오후 4시까지 근무야. 지금 출발해야 늦지 않아.,,,,,,,,,,,8시간의 확실한 수입과 짧아 보이는 도박의 약속을 가장 강하게 대비한다.
3.0,d6_job_choice,d6_job_choice_02,job,6,07:00-08:00,morning_schedule,day=6,90,game,2,CafeManager,카페 매니저,message,민재의 메시지에는 '출근 전에 한 번이면 알바비만큼 가능하다'고 적혀 있다.,d6_go_to_job,카페로 출근한다,clock:set=16:00|schedule.job:set=complete|cash:add=100000|relation.manager:add=2|location:set=home|record.route.d6_day:set=job,d6_job_story,d6_gamble_before_job,출근 전에 한 번만 확인한다,clock:add=120|counter.gamble_sessions:add=1|record.route.d6_day:set=gamble,d6_missed_job_loss,,,8시간의 확실한 수입과 짧아 보이는 도박의 약속을 가장 강하게 대비한다.
3.0,d6_job_story,d6_job_story_01,job,6,08:00-16:00,d6_job_story,,50,game,1,CafeManager,카페 매니저,dialogue,오늘 바빴는데 끝까지 잘 버텼네. 약속한 일당은 바로 입금했어.,,,,,,,,,flag.job_income_received:set=true|unlock.help_manager:set=true,,"알바를 확실한 돈과 신뢰, 도움 가능성이 있는 스토리로 보상한다."
3.0,d6_job_story,d6_job_story_02,job,6,08:00-16:00,d6_job_story,,50,game,2,CafeManager,카페 매니저,dialogue,"무슨 걱정 있는 얼굴인데, 다음 근무 조정이 필요하면 미리 이야기해.",,,,,,,,,,d6_after_job_money_choice,"알바를 확실한 돈과 신뢰, 도움 가능성이 있는 스토리로 보상한다."
3.0,d6_after_job_money_choice,d6_after_job_money_choice_01,main,6,16:30-20:00,d6_after_job_money_choice,,50,game,1,Minjae,민재,message,일당 들어왔지? 그 돈이면 어제 손실 한 번에 복구 가능함.,,,,,,,,,,,노동으로 얻은 돈을 지킬지 도박 손실에 다시 투입할지 선택하게 한다.
3.0,d6_after_job_money_choice,d6_after_job_money_choice_02,main,6,16:30-20:00,d6_after_job_money_choice,,50,game,2,Minjae,민재,message,여기서 알바비만 지키면 손실은 그대로 남는 거잖아.,d6_keep_job_income,알바비를 지킨다,counter.refusals:add=1|record.route.d6_income:set=keep,d6_referral_reveal,d6_gamble_job_income,알바비로 손실을 복구한다,clock:add=180|cash:add=-100000|counter.gamble_sessions:add=1|gamble_stage:set=lost_wage|record.route.d6_income:set=gamble,d6_post_wage_loss_router,,,노동으로 얻은 돈을 지킬지 도박 손실에 다시 투입할지 선택하게 한다.
3.0,d6_post_wage_loss_router,d6_post_wage_loss_router_01,system,6,evening,d6_post_wage_loss_router,,50,game,1,System,,router,알바비를 잃은 뒤 남은 잔액에 맞는 장면을 불러온다.,,,,,,,,,route:d6_need_money if cash<=0 else d6_referral_reveal,,잔액이 남아 있는 플레이어에게 불필요한 대출 장면을 강제하지 않는다.
3.0,d6_missed_job_loss,d6_missed_job_loss_01,consequence,6,09:00-12:00,d6_missed_job_loss,,50,game,1,CafeManager,카페 매니저,message,출근 시간이 지났는데 연락도 없네. 오늘 근무는 다른 사람을 불렀어.,,,,,,,,,schedule.job:set=missed|counter.job_failures:add=1|relation.manager:add=-3|flag.job_income_received:set=false,,도박 때문에 놓친 알바가 급여와 관계를 동시에 잃게 한다.
3.0,d6_missed_job_loss,d6_missed_job_loss_02,consequence,6,09:00-12:00,d6_missed_job_loss,,50,game,2,CafeManager,카페 매니저,message,"이번 일당은 지급할 수 없고, 다음 근무도 다시 생각해야 할 것 같아.",,,,,,,,,,d6_big_loss,도박 때문에 놓친 알바가 급여와 관계를 동시에 잃게 한다.
3.0,d6_big_loss,d6_big_loss_01,gambling,6,morning-afternoon,d6_big_loss,,50,game,1,Narrator,,cinematic,출근 전에 끝내려던 복구는 오후까지 이어졌다.,,,,,,,,,clock:set=14:00|cash:set=0|gamble_stage:set=bankrupt|history:append_gamble_result,,도박 선택이 시간·현금·알바를 한 장면에서 동시에 잃게 한다.
3.0,d6_big_loss,d6_big_loss_02,gambling,6,morning-afternoon,d6_big_loss,,50,game,2,Narrator,,cinematic,남은 돈까지 잃고 나서야 결과 화면을 닫았다.,,,,,,,,,,d6_need_money,도박 선택이 시간·현금·알바를 한 장면에서 동시에 잃게 한다.
3.0,d6_need_money,d6_need_money_01,debt,6,afternoon-evening,d6_need_money,cash<=0,50,game,1,Narrator,,narration,당장 사용할 돈이 없다. 다음 주 교통비와 식비도 남아 있다.,,,,,,,,,,,도박 손실이 실제 생활비 부족과 관계 부담인 빚으로 전환되게 한다.
3.0,d6_need_money,d6_need_money_02,debt,6,afternoon-evening,d6_need_money,cash<=0,50,game,2,Narrator,,narration,연락할 수 있는 사람은 서준과 엄마다. 누구에게 부탁하든 이유를 설명해야 한다.,d6_borrow_seojun,"서준에게 50,000원을 부탁한다",debt:add=50000|cash:add=50000|debt_owner:set=seojun|relation.seojun:add=-1|record.route.d6_debt:set=seojun,d6_loan_seojun,d6_borrow_mom,"엄마에게 50,000원을 부탁한다",debt:add=50000|cash:add=50000|debt_owner:set=mom|relation.mom:add=-1|record.route.d6_debt:set=mom,d6_loan_mom,,,도박 손실이 실제 생활비 부족과 관계 부담인 빚으로 전환되게 한다.
3.0,d6_loan_seojun,d6_loan_seojun_01,debt,6,evening,d6_loan_seojun,,50,game,1,Seojun,서준,message,갑자기 왜 필요한지는 모르겠는데 일단 보냈어.,,,,,,,,,deadline.debt:set=d7_18:00|unread:add=1,,친구에게 빌린 돈에 구체적인 상환 기한과 관계 압박을 부여한다.
3.0,d6_loan_seojun,d6_loan_seojun_02,debt,6,evening,d6_loan_seojun,,50,game,2,Seojun,서준,message,나도 다음 주에 써야 하니까 일요일 저녁까지는 꼭 돌려줘.,,,,,,,,,,d6_referral_reveal,친구에게 빌린 돈에 구체적인 상환 기한과 관계 압박을 부여한다.
3.0,d6_loan_mom,d6_loan_mom_01,debt,6,evening,d6_loan_mom,,50,game,1,Mom,엄마,message,돈은 보냈어. 그런데 교통비가 갑자기 왜 부족해졌어?,,,,,,,,,deadline.explain_mom:set=d6_21:00|unread:add=1,,엄마에게 빌린 돈이 즉시 설명과 신뢰 문제로 이어지게 한다.
3.0,d6_loan_mom,d6_loan_mom_02,debt,6,evening,d6_loan_mom,,50,game,2,Mom,엄마,message,오늘 저녁에는 무슨 일인지 이야기하자. 그냥 넘어갈 일은 아닌 것 같아.,,,,,,,,,,d6_referral_reveal,엄마에게 빌린 돈이 즉시 설명과 신뢰 문제로 이어지게 한다.
3.0,d6_referral_reveal,d6_referral_reveal_01,gambling,6,20:00-23:00,d6_referral_reveal,,50,game,1,Minjae,민재,message,너 아는 애 중에 이런 거 관심 있을 만한 애 없음?,,,,,,,,,,,민재 역시 빚을 메우려고 친구를 끌어들였다는 본색을 드러낸다.
3.0,d6_referral_reveal,d6_referral_reveal_02,gambling,6,20:00-23:00,d6_referral_reveal,,50,game,2,Minjae,민재,message,추천 한 명 더 채우면 내 보너스가 커져. 그걸로 나도 손실 좀 메워야 함.,d6_question_minjae,처음부터 추천 보너스가 목적이었냐고 묻는다,relation.minjae:add=-1|flag.minjae_confronted:set=true|record.route.d6_referral:set=confront,d6_minjae_deflect,d6_avoid_minjae,답하지 않고 휴대폰을 끈다,counter.refusals:add=1|record.route.d6_referral:set=ignore,d6_night_end,,,민재 역시 빚을 메우려고 친구를 끌어들였다는 본색을 드러낸다.
3.0,d6_minjae_deflect,d6_minjae_deflect_01,gambling,6,night,d6_minjae_deflect,,50,game,1,Minjae,민재,message,너도 돈 땄잖아. 서로 도움 된 건 맞지.,,,,,,,,,flag.minjae_truth:set=partial,,민재가 책임을 회피하고 다시 복구 논리로 대화를 돌리는 모습을 보여준다.
3.0,d6_minjae_deflect,d6_minjae_deflect_02,gambling,6,night,d6_minjae_deflect,,50,game,2,Minjae,민재,message,지금 중요한 건 누가 추천했는지가 아니라 잃은 돈 복구하는 거 아님?,,,,,,,,,,d6_night_end,민재가 책임을 회피하고 다시 복구 논리로 대화를 돌리는 모습을 보여준다.
3.0,d6_night_end,d6_night_end_01,sleep,6,night,d6_night_end,,50,game,1,Narrator,,narration,오늘 생긴 돈과 연락을 다시 확인했다. 내일은 이 문제를 더 이상 미룰 수 없다.,d6_sleep_before_final_day,휴대폰을 끄고 잔다,sleep:calculate_until=07:00|clock:advance_to_next_day=07:00|record.route.d6_night:set=sleep,,,,,,,,DAY 6의 모든 분기를 수면과 DAY 7 시작으로 안정적으로 합류시킨다.
3.0,d7_debt_pressure_seojun,d7_debt_pressure_seojun_01,consequence,7,09:00,day_start,day=7;debt_owner=seojun;debt>0,95,game,1,Seojun,서준,message,오늘 저녁까지 보내주기로 한 돈 기억하지? 나도 필요한 돈이라 미루면 곤란해.,,,,,,,,,unread:add=1|pressure:add=1,,친구에게 빌린 선택이 실제 상환 압박으로 돌아오게 한다.
3.0,d7_debt_pressure_mom,d7_debt_pressure_mom_01,consequence,7,09:00,day_start,day=7;debt_owner=mom;debt>0,95,game,1,Mom,엄마,message,어제 돈이 왜 필요했는지 아직 말하지 않았어. 오늘은 피하지 말고 이야기하자.,,,,,,,,,unread:add=1|pressure:add=1,,엄마에게 빌린 선택이 설명과 신뢰 회복의 갈등으로 이어지게 한다.
3.0,d7_school_pressure,d7_school_pressure_01,consequence,7,10:00,day_start,school_absences>=2|homework_failures>=2|schedule.project=missed,90,game,1,Teacher,담임 선생님,message,최근 결석과 과제 누락이 이어지고 있습니다.,,,,,,,,,unread:add=1|pressure:add=1|unlock.help_teacher:set=true,,누적된 학교 선택이 상담과 보호자 연락이라는 결과로 이어지게 한다.
3.0,d7_school_pressure,d7_school_pressure_02,consequence,7,10:00,day_start,school_absences>=2|homework_failures>=2|schedule.project=missed,90,game,2,Teacher,담임 선생님,message,월요일 수업 후 상담이 필요합니다. 보호자에게도 상황을 전달할 예정입니다.,,,,,,,,,,,누적된 학교 선택이 상담과 보호자 연락이라는 결과로 이어지게 한다.
3.0,d7_job_pressure,d7_job_pressure_01,consequence,7,10:30,day_start,schedule.job=missed,89,game,1,CafeManager,카페 매니저,message,어제 근무 문제 때문에 다음 주 일정에서는 일단 제외했어.,,,,,,,,,unread:add=1|pressure:add=1|flag.future_job:set=locked,,알바 결근이 미래의 확실한 수입까지 차단하는 결과를 만든다.
3.0,d7_job_pressure,d7_job_pressure_02,consequence,7,10:30,day_start,schedule.job=missed,89,game,2,CafeManager,카페 매니저,message,계속 일하고 싶다면 먼저 연락해서 상황을 설명해 줘.,,,,,,,,,,,알바 결근이 미래의 확실한 수입까지 차단하는 결과를 만든다.
3.0,d7_seoyeon_support,d7_seoyeon_support_01,school,7,11:00,day_start,relation.seoyeon>=3,70,game,1,Seoyeon,서연,message,이번 주 내내 피곤해 보였어. 과제 때문만은 아닌 것 같던데.,,,,,,,,,unlock.help_seoyeon:set=true|unread:add=1,,학교와 숙제를 지킨 플레이어에게 관계 기반의 도움 경로를 제공한다.
3.0,d7_seoyeon_support,d7_seoyeon_support_02,school,7,11:00,day_start,relation.seoyeon>=3,70,game,2,Seoyeon,서연,message,혼자 해결하기 어려운 일이면 담임 선생님께 같이 이야기하러 가줄게.,,,,,,,,,,,학교와 숙제를 지킨 플레이어에게 관계 기반의 도움 경로를 제공한다.
3.0,d7_minjae_truth,d7_minjae_truth_01,gambling,7,14:00-17:00,d7_main,,50,game,1,Minjae,민재,message,나도 솔직히 빚 좀 있음. 그래서 추천 보너스로 계속 메우는 중이야.,,,,,,,,,,,민재의 목적을 공개하고 누적된 손실을 인정할지 마지막으로 추격할지 묻는다.
3.0,d7_minjae_truth,d7_minjae_truth_02,gambling,7,14:00-17:00,d7_main,,50,game,2,Minjae,민재,message,근데 여기서 멈추면 네 손실도 내 손실도 그냥 확정되는 거잖아.,,,,,,,,,,,민재의 목적을 공개하고 누적된 손실을 인정할지 마지막으로 추격할지 묻는다.
3.0,d7_minjae_truth,d7_minjae_truth_03,gambling,7,14:00-17:00,d7_main,,50,game,3,Minjae,민재,message,오늘 한 번만 제대로 되면 빌린 돈까지 정리할 수 있음.,d7_reject_final_chase,더 이상 복구하지 않는다,counter.refusals:add=1|flag.final_chase:set=false|record.route.d7_final:set=stop,d7_resolution_router,d7_accept_final_chase,빌린 돈까지 복구한다,clock:add=240|cash:set=0|debt:add=50000|counter.gamble_sessions:add=1|flag.final_chase:set=true|record.route.d7_final:set=chase,d7_final_loss,,,민재의 목적을 공개하고 누적된 손실을 인정할지 마지막으로 추격할지 묻는다.
3.0,d7_final_loss,d7_final_loss_01,gambling,7,evening,d7_final_loss,,50,game,1,Narrator,,cinematic,빌린 돈까지 넣었지만 결과는 달라지지 않았다.,,,,,,,,,gamble_stage:set=collapse|visual:set=final_loss|history:append_gamble_result,,마지막 손실 추격을 빚과 일상 붕괴 엔딩으로 확정한다.
3.0,d7_final_loss,d7_final_loss_02,gambling,7,evening,d7_final_loss,,50,game,2,Narrator,,cinematic,휴대폰에는 돈을 묻는 연락과 놓친 일정만 남았다.,,,,,,,,,,ending_collapse,마지막 손실 추격을 빚과 일상 붕괴 엔딩으로 확정한다.
3.0,d7_resolution_router,d7_resolution_router_01,main,7,evening,d7_resolution_router,,50,game,1,Narrator,,narration,도박을 멈췄지만 이미 생긴 문제는 사라지지 않았다.,,,,,,,,,,,도박을 멈추는 것과 이미 생긴 문제를 해결하는 것이 별개임을 보여준다.
3.0,d7_resolution_router,d7_resolution_router_02,main,7,evening,d7_resolution_router,,50,game,2,Narrator,,narration,"혼자 숨길지, 누군가에게 사실대로 말할지 결정해야 한다.",d7_request_help,도박과 빚을 사실대로 말한다,flag.help_requested:set=true|record.route.d7_resolution:set=help,d7_help_router,d7_hide_problem,도박은 멈추고 혼자 해결한다,flag.help_requested:set=false|record.route.d7_resolution:set=hide,d7_ending_router,,,도박을 멈추는 것과 이미 생긴 문제를 해결하는 것이 별개임을 보여준다.
3.0,d7_help_router,d7_help_router_01,help,7,evening,d7_help_router,,50,game,1,Narrator,,narration,가장 먼저 사실을 말할 사람을 정했다.,d7_tell_mom,엄마에게 이야기한다,relation.mom:add=2|help_source:set=mom|record.route.d7_help:set=mom,ending_help,d7_tell_teacher,담임 선생님에게 이야기한다,relation.teacher:add=2|help_source:set=teacher|record.route.d7_help:set=teacher,ending_help,,,플레이어가 쌓아온 관계를 이용해 구체적인 도움 요청 행동을 선택하게 한다.
3.0,d7_ending_router,d7_ending_router_01,ending,7,day_end,d7_ending_router,,50,game,1,System,,router,일주일 동안의 선택과 남은 문제를 확인한다.,,,,,,,,,ending:route(risk_blocked if debt=0 and schedule_failures<=1 and gamble_sessions<=3 else unresolved),,마지막 버튼이 아니라 누적된 일정·빚·도박 선택으로 엔딩을 판정한다.
3.0,ending_risk_blocked,ending_risk_blocked_01,ending,7,ending,ending_risk_blocked,,50,game,1,Narrator,,ending,쉽게 번 돈이 계속 생각났지만 더 이상 손실을 따라가지 않았다.,,,,,,,,,ending:set=risk_blocked|history:append_ending,,도박을 경험했어도 추가 손실 전에 멈추고 일상을 유지한 결과를 보여준다.
3.0,ending_risk_blocked,ending_risk_blocked_02,ending,7,ending,ending_risk_blocked,,50,game,2,Narrator,,ending,"학교와 알바, 사람들과의 약속을 지키며 잃은 돈은 천천히 다시 마련하기로 했다.",,,,,,,,,,,도박을 경험했어도 추가 손실 전에 멈추고 일상을 유지한 결과를 보여준다.
3.0,ending_risk_blocked,ending_risk_blocked_03,ending,7,ending,ending_risk_blocked,,50,game,3,Narrator,,ending,위험을 알아차리고 멈춘 것도 하나의 선택이었다.,,,,,,,,,,,도박을 경험했어도 추가 손실 전에 멈추고 일상을 유지한 결과를 보여준다.
3.0,ending_help,ending_help_01,ending,7,ending,ending_help,,50,game,1,Narrator,,ending,문제가 바로 사라진 것은 아니다. 빌린 돈과 놓친 일정은 여전히 남아 있다.,,,,,,,,,ending:set=help|history:append_ending,,도박 문제에서 벗어나는 현실적인 시작을 도움 요청으로 제시한다.
3.0,ending_help,ending_help_02,ending,7,ending,ending_help,,50,game,2,Narrator,,ending,"하지만 {help_source_name}에게 사실을 말했고, 더 이상 도박으로 손실을 해결하지 않기로 했다.",,,,,,,,,,,도박 문제에서 벗어나는 현실적인 시작을 도움 요청으로 제시한다.
3.0,ending_help,ending_help_03,ending,7,ending,ending_help,,50,game,3,Narrator,,ending,숨기지 않는 순간부터 해결할 수 있는 일이 생기기 시작했다.,,,,,,,,,,,도박 문제에서 벗어나는 현실적인 시작을 도움 요청으로 제시한다.
3.0,ending_unresolved,ending_unresolved_01,ending,7,ending,ending_unresolved,,50,game,1,Narrator,,ending,도박은 멈췄지만 빚과 놓친 약속을 누구에게도 말하지 못했다.,,,,,,,,,ending:set=unresolved|history:append_ending,,중단만으로 모든 문제가 해결되지는 않는다는 중간 결과를 보여준다.
3.0,ending_unresolved,ending_unresolved_02,ending,7,ending,ending_unresolved,,50,game,2,Narrator,,ending,월요일이 오면 다시 학교와 연락들을 마주해야 한다.,,,,,,,,,,,중단만으로 모든 문제가 해결되지는 않는다는 중간 결과를 보여준다.
3.0,ending_unresolved,ending_unresolved_03,ending,7,ending,ending_unresolved,,50,game,3,Narrator,,ending,문제를 숨긴 채 버티는 것도 또 다른 위험으로 남았다.,,,,,,,,,,,중단만으로 모든 문제가 해결되지는 않는다는 중간 결과를 보여준다.
3.0,ending_collapse,ending_collapse_01,ending,7,ending,ending_collapse,,50,game,1,Narrator,,ending,돈을 되찾으려 할수록 빚은 늘었고 학교와 알바 일정은 무너졌다.,,,,,,,,,ending:set=collapse|history:append_ending,,도박 손실 추격이 돈·시간·관계를 함께 무너뜨린다는 핵심 메시지를 결산한다.
3.0,ending_collapse,ending_collapse_02,ending,7,ending,ending_collapse,,50,game,2,Narrator,,ending,답하지 못한 메시지에는 돈보다 먼저 잃어버린 신뢰가 남아 있었다.,,,,,,,,,,,도박 손실 추격이 돈·시간·관계를 함께 무너뜨린다는 핵심 메시지를 결산한다.
3.0,ending_collapse,ending_collapse_03,ending,7,ending,ending_collapse,,50,game,3,Narrator,,ending,처음에는 무료 포인트 한 번이면 끝날 거라고 생각했다.,,,,,,,,,,,도박 손실 추격이 돈·시간·관계를 함께 무너뜨린다는 핵심 메시지를 결산한다.
